Actual,Predicted,Residual,AbsoluteError
3.3,3.32,-0.02,0.02
5.3,4.45,0.85,0.85
5.7,5.0,0.7,0.7
7.2,5.74,1.46,1.46
3.5,3.5,0.0,0.0
7.2,5.88,1.32,1.32
3.8,5.12,-1.32,1.32
6.9,6.92,-0.02,0.02
5.2,5.4,-0.2,0.2
7.4,7.21,0.19,0.19
4.3,5.69,-1.39,1.39
7.2,6.9,0.3,0.3
5.6,5.6,-0.0,0.0
3.9,3.91,-0.01,0.01
3.2,3.89,-0.69,0.69
6.4,5.86,0.54,0.54
5.8,4.81,0.99,0.99
6.4,6.41,-0.01,0.01
7.6,7.17,0.43,0.43
2.9,2.88,0.02,0.02
6.0,5.85,0.15,0.15
5.5,5.44,0.06,0.06
6.6,6.61,-0.01,0.01
7.2,6.32,0.88,0.88
5.6,5.07,0.53,0.53
5.0,5.12,-0.12,0.12
7.0,6.62,0.38,0.38
4.6,5.35,-0.75,0.75
6.0,5.86,0.14,0.14
4.2,5.02,-0.82,0.82
6.2,5.81,0.39,0.39
6.0,6.44,-0.44,0.44
5.4,5.38,0.02,0.02
6.8,6.23,0.57,0.57
7.1,5.0,2.1,2.1
6.6,5.76,0.84,0.84
4.7,4.75,-0.05,0.05
6.5,5.96,0.54,0.54
7.4,7.18,0.22,0.22
5.8,4.63,1.17,1.17
4.9,4.74,0.16,0.16
6.4,5.9,0.5,0.5
8.5,8.41,0.09,0.09
5.6,7.06,-1.46,1.46
5.0,5.52,-0.52,0.52
7.0,7.11,-0.11,0.11
5.6,5.89,-0.29,0.29
6.8,6.62,0.18,0.18
8.1,7.08,1.02,1.02
7.7,7.41,0.29,0.29
7.2,6.74,0.46,0.46
4.3,4.43,-0.13,0.13
4.7,4.76,-0.06,0.06
6.3,5.2,1.1,1.1
4.8,3.93,0.87,0.87
7.0,6.18,0.82,0.82
5.2,5.09,0.11,0.11
5.8,6.35,-0.55,0.55
7.6,7.68,-0.08,0.08
6.4,5.98,0.42,0.42
6.6,6.51,0.09,0.09
7.1,5.38,1.72,1.72
7.3,7.0,0.3,0.3
4.8,4.63,0.17,0.17
4.9,5.02,-0.12,0.12
3.6,3.4,0.2,0.2
7.2,6.51,0.69,0.69
3.0,3.25,-0.25,0.25
3.7,4.78,-1.08,1.08
6.8,6.81,-0.01,0.01
7.7,7.78,-0.08,0.08
5.7,5.37,0.33,0.33
6.0,5.82,0.18,0.18
4.8,4.93,-0.13,0.13
5.6,5.55,0.05,0.05
3.1,3.13,-0.03,0.03
5.5,5.01,0.49,0.49
5.8,6.48,-0.68,0.68
7.7,7.47,0.23,0.23
6.0,5.9,0.1,0.1
7.4,6.77,0.63,0.63
6.8,6.41,0.39,0.39
5.9,5.38,0.52,0.52
4.6,5.72,-1.12,1.12
5.3,4.2,1.1,1.1
5.3,5.33,-0.03,0.03
5.7,5.83,-0.13,0.13
6.5,6.69,-0.19,0.19
6.2,6.3,-0.1,0.1
7.4,7.51,-0.11,0.11
6.3,5.79,0.51,0.51
5.1,4.76,0.34,0.34
6.6,6.1,0.5,0.5
4.1,5.18,-1.08,1.08
5.3,5.83,-0.53,0.53
7.6,5.95,1.65,1.65
4.5,4.52,-0.02,0.02
6.0,6.1,-0.1,0.1
6.9,6.96,-0.06,0.06
6.3,6.76,-0.46,0.46
7.5,7.21,0.29,0.29
6.2,7.03,-0.83,0.83
7.0,7.22,-0.22,0.22
6.5,6.84,-0.34,0.34
4.3,5.55,-1.25,1.25
6.7,6.36,0.34,0.34
3.8,4.18,-0.38,0.38
5.6,5.48,0.12,0.12
5.6,6.57,-0.97,0.97
5.0,5.54,-0.54,0.54
6.3,6.27,0.03,0.03
5.6,6.04,-0.44,0.44
3.3,3.86,-0.56,0.56
5.9,5.8,0.1,0.1
5.3,5.08,0.22,0.22
5.8,5.79,0.01,0.01
4.5,4.56,-0.06,0.06
6.4,6.61,-0.21,0.21
5.6,5.05,0.55,0.55
6.1,6.59,-0.49,0.49
6.8,6.4,0.4,0.4
5.3,5.04,0.26,0.26
7.0,6.85,0.15,0.15
6.3,6.46,-0.16,0.16
5.6,4.53,1.07,1.07
4.3,5.83,-1.53,1.53
7.3,5.05,2.25,2.25
7.2,7.1,0.1,0.1
6.3,5.8,0.5,0.5
4.8,5.36,-0.56,0.56
4.2,4.43,-0.23,0.23
3.5,4.67,-1.17,1.17
3.6,3.77,-0.17,0.17
6.5,7.08,-0.58,0.58
5.6,4.71,0.89,0.89
5.7,5.51,0.19,0.19
3.9,4.53,-0.63,0.63
5.8,5.91,-0.11,0.11
6.3,6.37,-0.07,0.07
5.4,5.39,0.01,0.01
6.6,5.94,0.66,0.66
3.6,3.51,0.09,0.09
3.7,3.53,0.17,0.17
4.8,4.85,-0.05,0.05
7.1,6.49,0.61,0.61
6.0,5.51,0.49,0.49
6.2,6.37,-0.17,0.17
6.3,6.28,0.02,0.02
7.8,6.08,1.72,1.72
3.1,4.54,-1.44,1.44
4.4,5.03,-0.63,0.63
6.9,6.76,0.14,0.14
5.5,5.67,-0.17,0.17
5.8,5.96,-0.16,0.16
7.0,6.99,0.01,0.01
4.7,5.31,-0.61,0.61
5.9,5.95,-0.05,0.05
6.2,5.91,0.29,0.29
4.8,5.15,-0.35,0.35
3.6,3.72,-0.12,0.12
6.2,5.49,0.71,0.71
8.4,8.5,-0.1,0.1
3.0,4.12,-1.12,1.12
5.3,5.12,0.18,0.18
7.6,7.56,0.04,0.04
3.2,3.2,-0.0,0.0
6.9,7.1,-0.2,0.2
5.7,6.2,-0.5,0.5
5.2,5.67,-0.47,0.47
6.4,6.3,0.1,0.1
8.2,8.05,0.15,0.15
7.1,6.05,1.05,1.05
5.4,4.85,0.55,0.55
6.1,6.03,0.07,0.07
7.2,6.89,0.31,0.31
4.9,4.53,0.37,0.37
5.9,6.32,-0.42,0.42
7.9,7.9,0.0,0.0
3.5,4.09,-0.59,0.59
2.5,2.83,-0.33,0.33
6.6,6.69,-0.09,0.09
3.2,3.11,0.09,0.09
7.5,7.39,0.11,0.11
7.3,7.31,-0.01,0.01
4.5,4.7,-0.2,0.2
7.1,6.22,0.88,0.88
7.5,7.35,0.15,0.15
3.6,5.82,-2.22,2.22
3.8,4.84,-1.04,1.04
4.2,4.53,-0.33,0.33
7.2,6.46,0.74,0.74
5.1,5.47,-0.37,0.37
7.1,7.14,-0.04,0.04
2.6,3.17,-0.57,0.57
7.5,7.43,0.07,0.07
5.1,4.55,0.55,0.55
5.0,4.76,0.24,0.24
6.3,6.25,0.05,0.05
5.9,4.63,1.27,1.27
5.9,6.15,-0.25,0.25
6.2,5.18,1.02,1.02
3.6,5.48,-1.88,1.88
6.7,5.42,1.28,1.28
5.4,5.77,-0.37,0.37
5.8,5.49,0.31,0.31
7.3,6.32,0.98,0.98
5.3,5.57,-0.27,0.27
4.7,5.55,-0.85,0.85
4.7,4.66,0.04,0.04
5.6,4.64,0.96,0.96
4.8,4.83,-0.03,0.03
5.4,6.22,-0.82,0.82
6.6,6.47,0.13,0.13
6.6,7.51,-0.91,0.91
3.9,4.58,-0.68,0.68
7.3,7.24,0.06,0.06
5.4,4.4,1.0,1.0
6.8,6.79,0.01,0.01
8.4,6.82,1.58,1.58
5.5,5.16,0.34,0.34
6.2,6.13,0.07,0.07
7.1,5.44,1.66,1.66
7.0,6.19,0.81,0.81
6.8,7.07,-0.27,0.27
5.3,5.76,-0.46,0.46
6.6,6.56,0.04,0.04
5.4,5.01,0.39,0.39
5.7,4.78,0.92,0.92
6.1,4.23,1.87,1.87
7.3,5.91,1.39,1.39
7.3,6.79,0.51,0.51
6.8,5.5,1.3,1.3
7.1,6.44,0.66,0.66
6.4,6.66,-0.26,0.26
6.6,6.68,-0.08,0.08
5.5,4.88,0.62,0.62
7.1,6.12,0.98,0.98
6.9,7.1,-0.2,0.2
6.1,5.81,0.29,0.29
5.7,5.64,0.06,0.06
7.5,6.87,0.63,0.63
6.0,6.86,-0.86,0.86
3.8,4.04,-0.24,0.24
6.3,6.23,0.07,0.07
6.8,6.88,-0.08,0.08
8.0,7.74,0.26,0.26
7.8,7.51,0.29,0.29
5.2,5.54,-0.34,0.34
9.0,9.09,-0.09,0.09
4.1,4.61,-0.51,0.51
5.7,5.87,-0.17,0.17
5.3,4.69,0.61,0.61
6.8,7.23,-0.43,0.43
6.3,6.16,0.14,0.14
5.6,5.98,-0.38,0.38
7.2,6.52,0.68,0.68
6.5,6.85,-0.35,0.35
6.1,6.45,-0.35,0.35
4.7,4.56,0.14,0.14
6.1,5.86,0.24,0.24
5.8,6.53,-0.73,0.73
7.0,7.02,-0.02,0.02
6.5,6.88,-0.38,0.38
6.9,7.18,-0.28,0.28
4.7,4.18,0.52,0.52
7.2,7.27,-0.07,0.07
7.3,5.75,1.55,1.55
2.8,3.39,-0.59,0.59
7.2,7.23,-0.03,0.03
6.0,6.02,-0.02,0.02
6.7,6.89,-0.19,0.19
5.1,4.88,0.22,0.22
3.5,5.17,-1.67,1.67
6.8,6.78,0.02,0.02
3.9,4.85,-0.95,0.95
4.8,4.03,0.77,0.77
8.5,8.23,0.27,0.27
6.2,5.92,0.28,0.28
8.9,8.75,0.15,0.15
8.4,7.93,0.47,0.47
7.1,7.32,-0.22,0.22
3.4,4.94,-1.54,1.54
6.9,6.3,0.6,0.6
6.8,6.89,-0.09,0.09
7.1,7.04,0.06,0.06
5.3,6.0,-0.7,0.7
6.8,6.03,0.77,0.77
5.4,5.92,-0.52,0.52
6.6,6.14,0.46,0.46
6.1,6.46,-0.36,0.36
5.3,4.31,0.99,0.99
4.8,5.06,-0.26,0.26
7.6,7.65,-0.05,0.05
2.9,4.73,-1.83,1.83
4.8,5.83,-1.03,1.03
4.6,5.76,-1.16,1.16
6.7,6.6,0.1,0.1
7.1,7.15,-0.05,0.05
8.2,7.44,0.76,0.76
5.9,5.14,0.76,0.76
7.5,6.75,0.75,0.75
6.8,6.88,-0.08,0.08
5.2,5.27,-0.07,0.07
7.7,7.05,0.65,0.65
5.2,5.26,-0.06,0.06
8.1,7.24,0.86,0.86
7.3,7.33,-0.03,0.03
6.1,5.63,0.47,0.47
7.2,7.04,0.16,0.16
6.0,5.41,0.59,0.59
6.5,6.35,0.15,0.15
5.5,5.1,0.4,0.4
6.3,5.06,1.24,1.24
8.0,7.47,0.53,0.53
7.9,7.85,0.05,0.05
5.1,4.76,0.34,0.34
6.2,5.57,0.63,0.63
4.1,5.32,-1.22,1.22
4.9,5.11,-0.21,0.21
6.4,6.22,0.18,0.18
6.2,6.66,-0.46,0.46
6.4,6.35,0.05,0.05
5.2,4.24,0.96,0.96
3.2,3.4,-0.2,0.2
5.5,4.8,0.7,0.7
6.6,6.8,-0.2,0.2
6.7,6.01,0.69,0.69
6.5,5.24,1.26,1.26
6.2,5.3,0.9,0.9
6.1,6.24,-0.14,0.14
5.4,5.1,0.3,0.3
5.6,5.04,0.56,0.56
7.2,7.27,-0.07,0.07
8.0,7.86,0.14,0.14
6.2,6.32,-0.12,0.12
5.8,5.22,0.58,0.58
5.8,5.85,-0.05,0.05
6.2,5.8,0.4,0.4
6.2,6.68,-0.48,0.48
7.2,6.39,0.81,0.81
7.5,6.93,0.57,0.57
6.4,5.76,0.64,0.64
4.7,5.89,-1.19,1.19
5.0,5.39,-0.39,0.39
6.0,5.67,0.33,0.33
5.5,4.86,0.64,0.64
6.5,6.74,-0.24,0.24
4.0,4.87,-0.87,0.87
5.8,5.95,-0.15,0.15
8.3,8.33,-0.03,0.03
7.2,7.02,0.18,0.18
5.7,5.64,0.06,0.06
3.9,4.59,-0.69,0.69
6.9,6.79,0.11,0.11
8.2,7.58,0.62,0.62
6.9,5.77,1.13,1.13
5.3,5.71,-0.41,0.41
4.0,4.33,-0.33,0.33
8.4,6.74,1.66,1.66
4.5,5.55,-1.05,1.05
6.8,6.35,0.45,0.45
6.6,6.71,-0.11,0.11
4.3,3.89,0.41,0.41
3.3,4.55,-1.25,1.25
7.3,7.14,0.16,0.16
5.1,5.69,-0.59,0.59
6.2,5.56,0.64,0.64
7.8,7.9,-0.1,0.1
6.0,5.9,0.1,0.1
2.9,3.32,-0.42,0.42
5.9,5.37,0.53,0.53
7.0,6.65,0.35,0.35
8.0,8.64,-0.64,0.64
4.1,5.06,-0.96,0.96
5.0,4.83,0.17,0.17
3.4,3.1,0.3,0.3
5.3,5.27,0.03,0.03
4.6,4.56,0.04,0.04
7.5,7.71,-0.21,0.21
6.0,5.52,0.48,0.48
6.6,6.68,-0.08,0.08
7.4,6.8,0.6,0.6
6.3,6.32,-0.02,0.02
3.4,3.28,0.12,0.12
7.7,7.81,-0.11,0.11
6.3,6.78,-0.48,0.48
6.6,6.32,0.28,0.28
6.0,5.69,0.31,0.31
4.1,4.02,0.08,0.08
7.5,7.21,0.29,0.29
2.6,4.29,-1.69,1.69
5.8,5.8,-0.0,0.0
5.2,4.78,0.42,0.42
6.0,5.74,0.26,0.26
4.2,4.14,0.06,0.06
8.5,7.13,1.37,1.37
4.3,4.27,0.03,0.03
4.6,4.36,0.24,0.24
7.1,7.37,-0.27,0.27
7.5,7.02,0.48,0.48
5.8,6.15,-0.35,0.35
5.4,5.05,0.35,0.35
5.6,5.62,-0.02,0.02
5.9,5.97,-0.07,0.07
6.6,6.55,0.05,0.05
6.0,5.84,0.16,0.16
8.3,8.36,-0.06,0.06
4.4,4.28,0.12,0.12
6.5,6.64,-0.14,0.14
4.8,5.69,-0.89,0.89
4.8,5.92,-1.12,1.12
5.6,5.2,0.4,0.4
5.0,5.16,-0.16,0.16
8.0,7.65,0.35,0.35
6.8,5.89,0.91,0.91
4.6,4.66,-0.06,0.06
7.2,7.06,0.14,0.14
5.0,5.71,-0.71,0.71
6.2,5.45,0.75,0.75
7.1,6.74,0.36,0.36
2.8,5.96,-3.16,3.16
4.0,4.76,-0.76,0.76
5.8,6.57,-0.77,0.77
6.1,5.69,0.41,0.41
8.6,6.45,2.15,2.15
3.7,5.15,-1.45,1.45
6.0,4.92,1.08,1.08
7.3,6.29,1.01,1.01
5.1,5.1,-0.0,0.0
6.6,6.49,0.11,0.11
6.5,6.64,-0.14,0.14
6.6,5.82,0.78,0.78
6.5,5.86,0.64,0.64
4.4,4.77,-0.37,0.37
2.8,2.6,0.2,0.2
6.2,6.44,-0.24,0.24
4.3,3.97,0.33,0.33
8.9,6.4,2.5,2.5
5.3,5.71,-0.41,0.41
6.6,5.63,0.97,0.97
6.9,6.82,0.08,0.08
6.6,5.95,0.65,0.65
2.6,4.34,-1.74,1.74
7.3,6.74,0.56,0.56
6.8,6.43,0.37,0.37
5.9,5.76,0.14,0.14
6.6,5.73,0.87,0.87
6.1,5.1,1.0,1.0
6.2,6.27,-0.07,0.07
6.7,6.79,-0.09,0.09
4.1,4.48,-0.38,0.38
7.2,6.42,0.78,0.78
6.4,6.3,0.1,0.1
6.5,7.02,-0.52,0.52
2.2,3.78,-1.58,1.58
7.1,5.02,2.08,2.08
5.5,5.44,0.06,0.06
3.8,3.76,0.04,0.04
7.0,6.88,0.12,0.12
4.9,4.24,0.66,0.66
7.0,6.5,0.5,0.5
7.1,7.51,-0.41,0.41
6.9,6.93,-0.03,0.03
4.4,4.43,-0.03,0.03
6.3,6.34,-0.04,0.04
6.4,5.78,0.62,0.62
5.4,5.05,0.35,0.35
5.7,5.38,0.32,0.32
5.8,5.82,-0.02,0.02
7.3,7.56,-0.26,0.26
6.3,5.64,0.66,0.66
8.5,8.56,-0.06,0.06
8.7,8.21,0.49,0.49
3.9,6.53,-2.63,2.63
2.3,5.9,-3.6,3.6
5.7,6.27,-0.57,0.57
4.7,4.73,-0.03,0.03
4.2,6.94,-2.74,2.74
5.4,5.43,-0.03,0.03
5.3,4.56,0.74,0.74
4.2,4.36,-0.16,0.16
5.4,4.84,0.56,0.56
6.5,6.19,0.31,0.31
6.5,6.09,0.41,0.41
7.6,7.69,-0.09,0.09
4.4,4.74,-0.34,0.34
5.8,6.06,-0.26,0.26
4.6,5.24,-0.64,0.64
6.8,6.47,0.33,0.33
4.5,5.31,-0.81,0.81
6.5,6.43,0.07,0.07
6.8,5.81,0.99,0.99
7.0,8.31,-1.31,1.31
6.9,6.97,-0.07,0.07
8.0,7.53,0.47,0.47
5.6,5.59,0.01,0.01
7.0,7.05,-0.05,0.05
3.8,4.46,-0.66,0.66
4.1,4.68,-0.58,0.58
5.8,5.63,0.17,0.17
4.8,5.62,-0.82,0.82
6.0,5.81,0.19,0.19
7.5,7.06,0.44,0.44
4.8,5.06,-0.26,0.26
7.4,7.53,-0.13,0.13
5.5,5.81,-0.31,0.31
5.1,5.74,-0.64,0.64
4.7,5.84,-1.14,1.14
6.9,7.23,-0.33,0.33
7.9,6.81,1.09,1.09
7.1,6.78,0.32,0.32
5.7,5.24,0.46,0.46
4.8,6.05,-1.25,1.25
5.7,5.47,0.23,0.23
4.4,4.51,-0.11,0.11
5.4,5.55,-0.15,0.15
6.6,6.91,-0.31,0.31
6.1,6.03,0.07,0.07
5.9,4.94,0.96,0.96
5.8,6.04,-0.24,0.24
3.7,5.04,-1.34,1.34
7.0,6.87,0.13,0.13
5.8,5.37,0.43,0.43
9.1,8.12,0.98,0.98
6.9,6.51,0.39,0.39
9.3,8.09,1.21,1.21
4.3,4.19,0.11,0.11
5.2,5.39,-0.19,0.19
5.2,4.82,0.38,0.38
7.4,7.03,0.37,0.37
3.8,4.8,-1.0,1.0
3.3,3.22,0.08,0.08
7.2,6.8,0.4,0.4
4.7,3.93,0.77,0.77
5.1,4.95,0.15,0.15
3.8,5.3,-1.5,1.5
7.6,7.71,-0.11,0.11
6.0,6.12,-0.12,0.12
5.8,5.21,0.59,0.59
6.8,5.88,0.92,0.92
3.3,4.02,-0.72,0.72
6.7,6.41,0.29,0.29
7.4,7.29,0.11,0.11
7.6,7.43,0.17,0.17
6.4,7.32,-0.92,0.92
5.5,5.25,0.25,0.25
7.0,7.03,-0.03,0.03
4.8,5.49,-0.69,0.69
4.3,4.78,-0.48,0.48
5.9,6.64,-0.74,0.74
6.9,7.1,-0.2,0.2
6.3,6.36,-0.06,0.06
3.8,5.68,-1.88,1.88
2.6,2.5,0.1,0.1
4.4,4.58,-0.18,0.18
6.1,6.06,0.04,0.04
7.2,6.77,0.43,0.43
4.7,4.86,-0.16,0.16
8.0,8.1,-0.1,0.1
5.6,6.18,-0.58,0.58
5.2,5.02,0.18,0.18
6.6,6.51,0.09,0.09
6.9,6.77,0.13,0.13
6.2,4.39,1.81,1.81
6.7,6.69,0.01,0.01
5.8,5.55,0.25,0.25
7.5,7.77,-0.27,0.27
2.7,4.24,-1.54,1.54
6.9,6.56,0.34,0.34
6.1,6.23,-0.13,0.13
5.0,5.93,-0.93,0.93
5.1,4.29,0.81,0.81
6.8,6.87,-0.07,0.07
8.8,6.97,1.83,1.83
8.6,8.69,-0.09,0.09
2.8,5.72,-2.92,2.92
5.8,5.01,0.79,0.79
6.9,6.04,0.86,0.86
6.9,6.27,0.63,0.63
6.1,6.42,-0.32,0.32
7.4,6.74,0.66,0.66
6.8,6.91,-0.11,0.11
5.7,5.51,0.19,0.19
5.0,5.41,-0.41,0.41
7.0,7.09,-0.09,0.09
6.6,6.57,0.03,0.03
3.1,4.22,-1.12,1.12
6.6,6.52,0.08,0.08
4.2,4.99,-0.79,0.79
6.9,6.72,0.18,0.18
7.5,7.7,-0.2,0.2
5.1,4.58,0.52,0.52
6.4,6.5,-0.1,0.1
4.7,4.94,-0.24,0.24
6.6,6.74,-0.14,0.14
7.2,6.6,0.6,0.6
4.7,5.48,-0.78,0.78
5.3,5.17,0.13,0.13
5.6,5.69,-0.09,0.09
5.7,6.2,-0.5,0.5
5.2,5.76,-0.56,0.56
6.9,6.94,-0.04,0.04
8.0,7.75,0.25,0.25
7.3,7.15,0.15,0.15
5.3,5.29,0.01,0.01
4.8,4.4,0.4,0.4
6.6,5.91,0.69,0.69
7.5,7.32,0.18,0.18
7.2,5.79,1.41,1.41
6.1,6.38,-0.28,0.28
6.7,6.39,0.31,0.31
4.3,5.02,-0.72,0.72
4.3,4.04,0.26,0.26
5.5,6.44,-0.94,0.94
5.8,5.79,0.01,0.01
7.8,7.8,-0.0,0.0
5.9,5.97,-0.07,0.07
6.7,6.89,-0.19,0.19
4.8,4.7,0.1,0.1
7.3,7.55,-0.25,0.25
5.7,5.61,0.09,0.09
5.0,6.22,-1.22,1.22
7.5,7.59,-0.09,0.09
5.9,6.08,-0.18,0.18
8.2,7.86,0.34,0.34
5.5,6.38,-0.88,0.88
7.0,6.33,0.67,0.67
5.2,5.97,-0.77,0.77
2.7,3.01,-0.31,0.31
5.8,5.95,-0.15,0.15
6.7,6.84,-0.14,0.14
7.2,6.44,0.76,0.76
5.7,5.51,0.19,0.19
7.6,7.98,-0.38,0.38
6.1,6.32,-0.22,0.22
5.8,5.75,0.05,0.05
5.2,5.41,-0.21,0.21
3.5,3.52,-0.02,0.02
5.4,4.99,0.41,0.41
6.3,6.27,0.03,0.03
6.5,6.53,-0.03,0.03
6.2,5.97,0.23,0.23
7.6,7.35,0.25,0.25
4.4,4.27,0.13,0.13
5.6,5.84,-0.24,0.24
7.4,7.64,-0.24,0.24
4.0,3.6,0.4,0.4
4.8,4.84,-0.04,0.04
8.1,8.07,0.03,0.03
4.8,5.04,-0.24,0.24
3.9,4.24,-0.34,0.34
3.9,3.89,0.01,0.01
6.1,5.93,0.17,0.17
7.5,7.42,0.08,0.08
3.2,5.55,-2.35,2.35
7.7,7.69,0.01,0.01
5.2,5.69,-0.49,0.49
5.4,5.14,0.26,0.26
7.9,7.78,0.12,0.12
7.0,7.01,-0.01,0.01
4.5,5.0,-0.5,0.5
3.3,4.33,-1.03,1.03
6.6,6.91,-0.31,0.31
6.4,5.71,0.69,0.69
5.1,4.68,0.42,0.42
4.1,4.48,-0.38,0.38
7.3,6.55,0.75,0.75
5.6,5.82,-0.22,0.22
6.9,5.4,1.5,1.5
3.3,3.62,-0.32,0.32
4.2,4.44,-0.24,0.24
3.8,3.84,-0.04,0.04
7.4,7.23,0.17,0.17
8.2,8.46,-0.26,0.26
6.4,6.68,-0.28,0.28
7.3,7.62,-0.32,0.32
5.4,4.65,0.75,0.75
6.3,6.09,0.21,0.21
6.9,6.42,0.48,0.48
7.1,6.6,0.5,0.5
6.6,6.47,0.13,0.13
7.1,7.15,-0.05,0.05
4.4,3.87,0.53,0.53
3.3,2.61,0.69,0.69
6.1,5.82,0.28,0.28
5.3,4.87,0.43,0.43
5.1,4.35,0.75,0.75
6.1,6.1,0.0,0.0
6.1,6.6,-0.5,0.5
5.4,5.93,-0.53,0.53
7.6,7.49,0.11,0.11
7.7,7.73,-0.03,0.03
7.1,6.96,0.14,0.14
4.6,5.08,-0.48,0.48
6.2,6.0,0.2,0.2
4.1,3.75,0.35,0.35
5.4,5.99,-0.59,0.59
7.2,6.1,1.1,1.1
6.3,5.77,0.53,0.53
6.9,6.86,0.04,0.04
5.7,5.94,-0.24,0.24
5.7,5.4,0.3,0.3
2.8,4.87,-2.07,2.07
6.3,6.17,0.13,0.13
6.6,6.69,-0.09,0.09
5.7,6.09,-0.39,0.39
6.0,6.67,-0.67,0.67
6.0,4.62,1.38,1.38
7.1,6.39,0.71,0.71
6.6,6.61,-0.01,0.01
6.0,6.31,-0.31,0.31
7.2,6.8,0.4,0.4
8.1,7.62,0.48,0.48
5.5,6.61,-1.11,1.11
5.8,3.58,2.22,2.22
9.0,8.4,0.6,0.6
7.2,6.51,0.69,0.69
3.4,5.37,-1.97,1.97
6.2,6.52,-0.32,0.32
5.7,5.69,0.01,0.01
5.8,5.49,0.31,0.31
6.8,6.91,-0.11,0.11
6.0,5.52,0.48,0.48
8.4,8.03,0.37,0.37
6.8,6.16,0.64,0.64
6.6,6.29,0.31,0.31
8.0,6.46,1.54,1.54
6.7,5.99,0.71,0.71
4.2,4.95,-0.75,0.75
5.6,5.17,0.43,0.43
6.3,6.16,0.14,0.14
2.5,3.51,-1.01,1.01
5.9,5.59,0.31,0.31
5.8,5.29,0.51,0.51
3.2,3.11,0.09,0.09
4.2,4.69,-0.49,0.49
6.9,5.99,0.91,0.91
2.5,3.58,-1.08,1.08
6.8,5.17,1.63,1.63
7.5,7.68,-0.18,0.18
3.2,4.57,-1.37,1.37
4.9,4.77,0.13,0.13
6.6,6.62,-0.02,0.02
5.9,5.51,0.39,0.39
5.8,5.39,0.41,0.41
5.5,4.97,0.53,0.53
7.3,6.96,0.34,0.34
6.6,4.23,2.37,2.37
2.9,5.36,-2.46,2.46
7.7,7.58,0.12,0.12
8.6,8.1,0.5,0.5
4.8,4.41,0.39,0.39
6.4,6.75,-0.35,0.35
3.5,3.77,-0.27,0.27
4.9,4.63,0.27,0.27
2.7,3.03,-0.33,0.33
8.6,8.51,0.09,0.09
2.9,2.8,0.1,0.1
4.7,4.35,0.35,0.35
6.6,6.71,-0.11,0.11
7.4,7.46,-0.06,0.06
6.2,6.99,-0.79,0.79
7.0,6.96,0.04,0.04
5.0,4.06,0.94,0.94
8.0,6.04,1.96,1.96
6.6,6.84,-0.24,0.24
4.5,5.29,-0.79,0.79
3.1,3.06,0.04,0.04
5.5,5.9,-0.4,0.4
4.7,5.54,-0.84,0.84
5.1,5.04,0.06,0.06
6.9,6.52,0.38,0.38
4.9,5.22,-0.32,0.32
6.6,5.81,0.79,0.79
4.6,3.9,0.7,0.7
5.1,5.08,0.02,0.02
6.4,6.63,-0.23,0.23
6.6,6.82,-0.22,0.22
7.2,6.21,0.99,0.99
6.5,6.16,0.34,0.34
8.1,7.84,0.26,0.26
6.9,6.63,0.27,0.27
7.0,7.3,-0.3,0.3
1.9,1.55,0.35,0.35
7.6,4.84,2.76,2.76
3.7,4.42,-0.72,0.72
7.8,7.87,-0.07,0.07
5.4,4.82,0.58,0.58
5.6,5.83,-0.23,0.23
5.5,6.35,-0.85,0.85
6.1,6.23,-0.13,0.13
5.9,6.34,-0.44,0.44
6.5,7.09,-0.59,0.59
6.2,7.22,-1.02,1.02
6.0,6.69,-0.69,0.69
5.3,5.53,-0.23,0.23
3.3,3.42,-0.12,0.12
7.2,6.45,0.75,0.75
3.2,6.02,-2.82,2.82
5.0,4.77,0.23,0.23
4.7,4.23,0.47,0.47
5.1,5.55,-0.45,0.45
7.6,7.54,0.06,0.06
4.2,4.93,-0.73,0.73
6.8,6.28,0.52,0.52
7.0,7.12,-0.12,0.12
2.0,1.9,0.1,0.1
6.5,4.84,1.66,1.66
7.6,7.63,-0.03,0.03
6.7,7.19,-0.49,0.49
6.5,6.13,0.37,0.37
4.8,4.82,-0.02,0.02
5.2,5.02,0.18,0.18
6.8,7.7,-0.9,0.9
7.0,6.53,0.47,0.47
2.7,2.63,0.07,0.07
7.8,7.33,0.47,0.47
6.6,6.47,0.13,0.13
6.3,6.39,-0.09,0.09
3.1,3.58,-0.48,0.48
6.8,6.71,0.09,0.09
7.0,6.53,0.47,0.47
6.5,6.88,-0.38,0.38
6.3,6.08,0.22,0.22
2.1,2.41,-0.31,0.31
5.6,4.24,1.36,1.36
4.6,5.59,-0.99,0.99
6.8,6.72,0.08,0.08
4.6,4.63,-0.03,0.03
4.5,4.69,-0.19,0.19
7.4,7.38,0.02,0.02
6.5,6.7,-0.2,0.2
4.5,4.49,0.01,0.01
3.8,3.42,0.38,0.38
7.4,6.63,0.77,0.77
6.3,6.31,-0.01,0.01
5.4,5.07,0.33,0.33
4.3,5.15,-0.85,0.85
5.0,4.64,0.36,0.36
4.1,3.89,0.21,0.21
6.7,6.58,0.12,0.12
4.2,3.94,0.26,0.26
3.6,3.57,0.03,0.03
7.3,6.35,0.95,0.95
6.8,6.92,-0.12,0.12
5.2,5.77,-0.57,0.57
4.9,5.6,-0.7,0.7
3.0,3.1,-0.1,0.1
5.3,6.07,-0.77,0.77
7.6,7.79,-0.19,0.19
4.2,4.31,-0.11,0.11
6.0,6.69,-0.69,0.69
5.7,5.66,0.04,0.04
6.9,7.0,-0.1,0.1
6.0,5.38,0.62,0.62
7.5,7.59,-0.09,0.09
5.4,5.22,0.18,0.18
8.0,7.83,0.17,0.17
7.7,7.53,0.17,0.17
6.7,6.74,-0.04,0.04
5.3,5.69,-0.39,0.39
5.4,5.72,-0.32,0.32
7.5,7.47,0.03,0.03
4.3,4.68,-0.38,0.38
6.5,4.97,1.53,1.53
6.3,6.67,-0.37,0.37
6.2,5.47,0.73,0.73
6.0,5.79,0.21,0.21
6.5,6.85,-0.35,0.35
6.4,6.11,0.29,0.29
8.1,8.02,0.08,0.08
5.1,4.8,0.3,0.3
5.7,5.76,-0.06,0.06
4.8,4.71,0.09,0.09
5.5,5.81,-0.31,0.31
7.2,7.05,0.15,0.15
7.3,7.39,-0.09,0.09
5.5,6.34,-0.84,0.84
7.6,7.78,-0.18,0.18
5.5,5.81,-0.31,0.31
7.0,6.88,0.12,0.12
2.1,2.31,-0.21,0.21
7.8,7.8,-0.0,0.0
6.6,6.52,0.08,0.08
6.7,6.49,0.21,0.21
7.8,7.05,0.75,0.75
8.0,8.01,-0.01,0.01
5.1,6.03,-0.93,0.93
3.7,3.39,0.31,0.31
6.1,6.26,-0.16,0.16
6.7,6.09,0.61,0.61
6.2,6.9,-0.7,0.7
4.9,5.85,-0.95,0.95
4.0,3.96,0.04,0.04
5.0,6.58,-1.58,1.58
7.5,7.76,-0.26,0.26
6.0,4.76,1.24,1.24
8.1,9.08,-0.98,0.98
6.5,5.62,0.88,0.88
6.8,6.45,0.35,0.35
5.9,5.79,0.11,0.11
6.8,6.95,-0.15,0.15
4.1,4.09,0.01,0.01
6.5,6.38,0.12,0.12
6.9,6.73,0.17,0.17
5.8,5.68,0.12,0.12
6.5,6.0,0.5,0.5
5.5,5.67,-0.17,0.17
7.1,6.72,0.38,0.38
2.6,3.25,-0.65,0.65
4.8,4.92,-0.12,0.12
6.6,5.94,0.66,0.66
7.9,6.91,0.99,0.99
5.4,5.54,-0.14,0.14
5.1,5.2,-0.1,0.1
5.7,4.4,1.3,1.3
6.1,5.23,0.87,0.87
6.2,6.35,-0.15,0.15
3.6,4.79,-1.19,1.19
4.8,4.77,0.03,0.03
6.4,6.69,-0.29,0.29
6.9,6.52,0.38,0.38
6.1,6.43,-0.33,0.33
4.4,4.58,-0.18,0.18
6.7,6.25,0.45,0.45
4.8,4.23,0.57,0.57
6.5,6.37,0.13,0.13
4.6,3.54,1.06,1.06
6.7,6.52,0.18,0.18
4.0,5.02,-1.02,1.02
5.5,5.82,-0.32,0.32
6.2,5.82,0.38,0.38
4.6,4.9,-0.3,0.3
7.2,7.18,0.02,0.02
5.0,4.97,0.03,0.03
5.8,5.4,0.4,0.4
6.8,6.37,0.43,0.43
7.8,7.88,-0.08,0.08
5.0,5.31,-0.31,0.31
5.8,5.91,-0.11,0.11
7.1,7.35,-0.25,0.25
4.4,5.84,-1.44,1.44
4.6,4.57,0.03,0.03
7.5,7.11,0.39,0.39
5.1,4.85,0.25,0.25
6.9,6.95,-0.05,0.05
5.6,5.63,-0.03,0.03
7.1,7.17,-0.07,0.07
6.6,6.68,-0.08,0.08
5.0,4.62,0.38,0.38
5.7,5.86,-0.16,0.16
5.2,4.79,0.41,0.41
5.5,5.44,0.06,0.06
5.4,5.13,0.27,0.27
5.4,4.96,0.44,0.44
5.6,5.58,0.02,0.02
5.6,4.64,0.96,0.96
7.6,7.69,-0.09,0.09
7.9,7.57,0.33,0.33
4.7,6.26,-1.56,1.56
6.2,6.22,-0.02,0.02
6.0,6.09,-0.09,0.09
7.8,7.61,0.19,0.19
5.7,4.58,1.12,1.12
6.9,6.54,0.36,0.36
7.1,6.49,0.61,0.61
7.6,7.38,0.22,0.22
5.5,5.25,0.25,0.25
8.3,8.34,-0.04,0.04
7.0,6.67,0.33,0.33
6.7,6.55,0.15,0.15
5.7,5.12,0.58,0.58
4.7,5.24,-0.54,0.54
6.6,5.93,0.67,0.67
4.1,5.01,-0.91,0.91
6.9,6.93,-0.03,0.03
5.1,5.06,0.04,0.04
6.6,6.6,0.0,0.0
5.0,5.16,-0.16,0.16
6.1,6.73,-0.63,0.63
3.6,5.48,-1.88,1.88
4.2,4.14,0.06,0.06
6.6,6.65,-0.05,0.05
7.1,6.39,0.71,0.71
6.2,6.26,-0.06,0.06
8.2,7.46,0.74,0.74
5.1,5.89,-0.79,0.79
7.7,7.85,-0.15,0.15
6.5,6.26,0.24,0.24
8.0,8.07,-0.07,0.07
4.2,4.95,-0.75,0.75
6.4,6.33,0.07,0.07
7.2,6.89,0.31,0.31
4.1,4.18,-0.08,0.08
3.4,3.58,-0.18,0.18
7.4,6.85,0.55,0.55
7.2,6.37,0.83,0.83
6.3,5.64,0.66,0.66
6.4,5.67,0.73,0.73
5.5,6.34,-0.84,0.84
4.5,4.32,0.18,0.18
6.9,7.02,-0.12,0.12
3.6,4.1,-0.5,0.5
5.7,6.76,-1.06,1.06
5.3,6.26,-0.96,0.96
6.1,6.05,0.05,0.05
8.2,7.76,0.44,0.44
4.3,4.27,0.03,0.03
4.5,4.76,-0.26,0.26
4.4,4.57,-0.17,0.17
3.4,3.53,-0.13,0.13
6.7,6.38,0.32,0.32
3.3,4.2,-0.9,0.9
4.6,4.94,-0.34,0.34
4.1,4.32,-0.22,0.22
6.0,5.77,0.23,0.23
5.9,5.79,0.11,0.11
6.5,6.03,0.47,0.47
5.7,5.9,-0.2,0.2
6.1,6.42,-0.32,0.32
5.8,6.07,-0.27,0.27
4.5,4.25,0.25,0.25
5.8,5.92,-0.12,0.12
4.8,4.74,0.06,0.06
4.9,6.1,-1.2,1.2
4.1,4.17,-0.07,0.07
6.1,5.6,0.5,0.5
2.6,4.42,-1.82,1.82
7.1,6.73,0.37,0.37
6.3,4.76,1.54,1.54
5.1,5.64,-0.54,0.54
2.7,2.17,0.53,0.53
4.9,5.2,-0.3,0.3
7.7,7.53,0.17,0.17
5.8,5.91,-0.11,0.11
5.8,5.79,0.01,0.01
6.7,6.8,-0.1,0.1
5.7,6.14,-0.44,0.44
5.2,5.75,-0.55,0.55
3.0,4.39,-1.39,1.39
6.5,6.71,-0.21,0.21
4.9,5.77,-0.87,0.87
6.9,6.07,0.83,0.83
3.9,4.11,-0.21,0.21
6.3,5.48,0.82,0.82
6.0,5.92,0.08,0.08
6.9,6.58,0.32,0.32
6.8,6.93,-0.13,0.13
4.8,5.24,-0.44,0.44
5.5,5.38,0.12,0.12
3.7,3.65,0.05,0.05
5.4,5.8,-0.4,0.4
4.8,5.76,-0.96,0.96
6.4,6.57,-0.17,0.17
4.3,5.16,-0.86,0.86
4.5,5.81,-1.31,1.31
5.2,6.57,-1.37,1.37
7.4,6.94,0.46,0.46
4.6,4.53,0.07,0.07
5.8,5.2,0.6,0.6
5.6,5.85,-0.25,0.25
6.6,6.82,-0.22,0.22
3.9,3.56,0.34,0.34
4.0,5.29,-1.29,1.29
4.9,4.75,0.15,0.15
7.3,5.41,1.89,1.89
4.2,4.75,-0.55,0.55
6.9,6.98,-0.08,0.08
7.7,7.61,0.09,0.09
6.6,6.37,0.23,0.23
5.4,5.11,0.29,0.29
6.2,6.35,-0.15,0.15
5.7,5.6,0.1,0.1
7.4,6.79,0.61,0.61
6.2,6.38,-0.18,0.18
8.1,6.59,1.51,1.51
6.4,6.59,-0.19,0.19
4.9,5.27,-0.37,0.37
5.9,6.11,-0.21,0.21
5.2,4.99,0.21,0.21
4.8,4.91,-0.11,0.11
4.2,5.25,-1.05,1.05
5.0,4.29,0.71,0.71
3.6,4.36,-0.76,0.76
4.2,5.58,-1.38,1.38
7.8,7.49,0.31,0.31
6.6,6.7,-0.1,0.1
4.0,6.79,-2.79,2.79
6.5,6.63,-0.13,0.13
6.8,7.0,-0.2,0.2
6.4,5.07,1.33,1.33
6.1,6.08,0.02,0.02
7.2,5.97,1.23,1.23
5.6,5.89,-0.29,0.29
5.0,4.97,0.03,0.03
5.7,6.24,-0.54,0.54
6.5,6.02,0.48,0.48
5.1,5.73,-0.63,0.63
6.6,6.53,0.07,0.07
6.5,6.33,0.17,0.17
4.9,6.26,-1.36,1.36
6.9,6.4,0.5,0.5
4.7,4.95,-0.25,0.25
6.3,5.45,0.85,0.85
7.9,7.88,0.02,0.02
5.1,6.28,-1.18,1.18
5.6,5.12,0.48,0.48
3.1,3.15,-0.05,0.05
7.7,6.96,0.74,0.74
6.3,6.48,-0.18,0.18
5.9,6.13,-0.23,0.23
5.6,5.17,0.43,0.43
7.6,7.49,0.11,0.11
5.3,7.23,-1.93,1.93
7.2,6.17,1.03,1.03
5.7,5.43,0.27,0.27
5.7,5.88,-0.18,0.18
8.6,8.6,0.0,0.0
6.3,6.28,0.02,0.02
6.1,5.74,0.36,0.36
7.7,7.65,0.05,0.05
5.8,6.03,-0.23,0.23
6.1,6.59,-0.49,0.49
4.9,5.96,-1.06,1.06
4.1,4.51,-0.41,0.41
4.9,4.34,0.56,0.56
4.8,4.75,0.05,0.05
3.4,3.51,-0.11,0.11
5.0,4.36,0.64,0.64
6.7,6.11,0.59,0.59
3.4,4.53,-1.13,1.13
5.7,5.51,0.19,0.19
4.0,3.94,0.06,0.06
6.3,6.12,0.18,0.18
6.9,7.04,-0.14,0.14
6.4,6.42,-0.02,0.02
5.3,6.58,-1.28,1.28
6.4,6.06,0.34,0.34
7.0,7.07,-0.07,0.07
7.1,6.73,0.37,0.37
6.5,6.53,-0.03,0.03
5.4,4.05,1.35,1.35
4.3,4.23,0.07,0.07
7.0,6.8,0.2,0.2
5.2,5.22,-0.02,0.02
8.2,7.97,0.23,0.23
3.7,4.98,-1.28,1.28
6.6,5.0,1.6,1.6
5.8,4.27,1.53,1.53
8.2,8.08,0.12,0.12
2.8,4.59,-1.79,1.79
5.4,4.1,1.3,1.3
8.3,8.35,-0.05,0.05
5.7,6.51,-0.81,0.81
6.6,6.89,-0.29,0.29
7.3,7.25,0.05,0.05
5.2,5.2,0.0,0.0
6.8,6.89,-0.09,0.09
6.8,5.29,1.51,1.51
6.4,6.22,0.18,0.18
5.8,5.41,0.39,0.39
4.0,4.44,-0.44,0.44
5.9,5.85,0.05,0.05
6.9,6.83,0.07,0.07
3.6,3.69,-0.09,0.09
5.0,4.38,0.62,0.62
5.5,6.04,-0.54,0.54
3.8,4.11,-0.31,0.31
6.7,6.35,0.35,0.35
5.1,4.9,0.2,0.2
6.7,6.84,-0.14,0.14
6.3,6.46,-0.16,0.16
6.7,5.85,0.85,0.85
7.0,7.08,-0.08,0.08
5.8,6.61,-0.81,0.81
5.1,4.73,0.37,0.37
6.1,6.06,0.04,0.04
6.9,5.77,1.13,1.13
5.8,5.54,0.26,0.26
6.2,6.49,-0.29,0.29
6.5,5.81,0.69,0.69
5.4,4.73,0.67,0.67
7.2,6.56,0.64,0.64
7.0,6.71,0.29,0.29
7.6,7.41,0.19,0.19
7.6,7.55,0.05,0.05
5.9,5.87,0.03,0.03
5.8,5.63,0.17,0.17
5.3,4.66,0.64,0.64
7.0,6.33,0.67,0.67
6.6,6.82,-0.22,0.22
5.1,4.54,0.56,0.56
3.6,4.1,-0.5,0.5
4.1,4.07,0.03,0.03
6.2,7.05,-0.85,0.85
5.9,6.63,-0.73,0.73
7.4,6.98,0.42,0.42
7.6,7.91,-0.31,0.31
7.5,7.23,0.27,0.27
6.5,6.54,-0.04,0.04
6.4,5.76,0.64,0.64
4.6,6.29,-1.69,1.69
2.5,4.41,-1.91,1.91
5.4,5.44,-0.04,0.04
6.0,5.09,0.91,0.91
5.7,6.12,-0.42,0.42
5.5,4.89,0.61,0.61
5.4,6.66,-1.26,1.26
5.5,5.45,0.05,0.05
5.2,6.52,-1.32,1.32
6.1,5.85,0.25,0.25
4.8,4.83,-0.03,0.03
7.1,6.95,0.15,0.15
3.6,3.57,0.03,0.03
5.8,5.32,0.48,0.48
6.9,5.82,1.08,1.08
3.4,5.01,-1.61,1.61
4.7,5.92,-1.22,1.22
3.9,4.53,-0.63,0.63
2.8,2.77,0.03,0.03
6.7,6.82,-0.12,0.12
5.4,5.49,-0.09,0.09
8.0,7.71,0.29,0.29
8.2,5.92,2.28,2.28
5.6,6.15,-0.55,0.55
7.0,6.9,0.1,0.1
6.7,6.87,-0.17,0.17
3.7,4.99,-1.29,1.29
7.1,6.9,0.2,0.2
5.4,5.53,-0.13,0.13
4.6,4.33,0.27,0.27
2.3,4.89,-2.59,2.59
5.6,6.01,-0.41,0.41
7.9,7.85,0.05,0.05
5.8,5.63,0.17,0.17
6.2,6.38,-0.18,0.18
4.8,5.55,-0.75,0.75
4.0,3.98,0.02,0.02
7.6,6.87,0.73,0.73
5.2,6.36,-1.16,1.16
5.3,5.36,-0.06,0.06
8.2,7.19,1.01,1.01
7.2,7.1,0.1,0.1
6.6,5.87,0.73,0.73
6.6,6.16,0.44,0.44
4.0,3.85,0.15,0.15
8.7,8.7,-0.0,0.0
6.3,6.19,0.11,0.11
7.1,5.81,1.29,1.29
7.6,7.63,-0.03,0.03
5.8,6.08,-0.28,0.28
5.5,5.83,-0.33,0.33
6.4,5.66,0.74,0.74
6.8,6.8,-0.0,0.0
6.5,6.71,-0.21,0.21
6.8,6.9,-0.1,0.1
6.9,6.38,0.52,0.52
6.5,4.93,1.57,1.57
4.3,4.34,-0.04,0.04
7.3,7.23,0.07,0.07
6.8,7.07,-0.27,0.27
4.9,5.37,-0.47,0.47
7.2,7.22,-0.02,0.02
6.7,5.58,1.12,1.12
4.9,4.37,0.53,0.53
7.5,7.76,-0.26,0.26
5.0,5.66,-0.66,0.66
5.9,5.0,0.9,0.9
7.2,7.22,-0.02,0.02
6.3,5.93,0.37,0.37
6.7,6.53,0.17,0.17
6.1,6.02,0.08,0.08
4.9,4.46,0.44,0.44
6.6,6.43,0.17,0.17
5.4,6.12,-0.72,0.72
6.3,6.63,-0.33,0.33
2.2,3.96,-1.76,1.76
6.9,6.97,-0.07,0.07
7.9,7.7,0.2,0.2
6.6,7.04,-0.44,0.44
6.0,5.96,0.04,0.04
6.5,6.11,0.39,0.39
7.3,6.87,0.43,0.43
7.0,6.81,0.19,0.19
5.2,4.61,0.59,0.59
4.3,4.3,-0.0,0.0
5.4,5.38,0.02,0.02
5.6,5.43,0.17,0.17
5.4,5.58,-0.18,0.18
7.5,7.11,0.39,0.39
5.8,6.37,-0.57,0.57
6.2,5.86,0.34,0.34
4.7,6.01,-1.31,1.31
6.3,6.18,0.12,0.12
4.8,5.39,-0.59,0.59
6.8,6.68,0.12,0.12
5.3,5.12,0.18,0.18
5.8,6.35,-0.55,0.55
7.5,7.18,0.32,0.32
6.1,6.13,-0.03,0.03
7.4,7.19,0.21,0.21
6.7,6.25,0.45,0.45
2.9,5.01,-2.11,2.11
2.0,4.23,-2.23,2.23
3.8,4.52,-0.72,0.72
6.1,5.01,1.09,1.09
7.1,7.08,0.02,0.02
7.4,6.88,0.52,0.52
7.4,7.21,0.19,0.19
6.4,5.75,0.65,0.65
4.5,4.73,-0.23,0.23
5.5,4.86,0.64,0.64
2.9,4.14,-1.24,1.24
7.6,6.09,1.51,1.51
6.9,6.43,0.47,0.47
6.5,6.85,-0.35,0.35
2.4,2.66,-0.26,0.26
5.3,4.76,0.54,0.54
6.5,6.31,0.19,0.19
4.5,5.73,-1.23,1.23
2.3,2.25,0.05,0.05
6.5,4.41,2.09,2.09
7.1,6.93,0.17,0.17
7.3,6.69,0.61,0.61
4.2,4.22,-0.02,0.02
8.4,8.38,0.02,0.02
3.5,3.51,-0.01,0.01
9.0,8.86,0.14,0.14
6.9,6.96,-0.06,0.06
3.4,3.69,-0.29,0.29
4.7,5.4,-0.7,0.7
4.3,5.02,-0.72,0.72
6.2,5.0,1.2,1.2
4.5,5.81,-1.31,1.31
6.0,6.37,-0.37,0.37
5.8,6.19,-0.39,0.39
8.0,7.77,0.23,0.23
3.5,4.65,-1.15,1.15
5.5,5.45,0.05,0.05
6.4,5.04,1.36,1.36
6.9,6.24,0.66,0.66
6.6,6.74,-0.14,0.14
5.1,4.68,0.42,0.42
8.8,8.8,-0.0,0.0
6.0,5.59,0.41,0.41
5.8,5.62,0.18,0.18
4.6,4.85,-0.25,0.25
6.8,7.06,-0.26,0.26
7.1,6.6,0.5,0.5
7.6,6.95,0.65,0.65
5.3,6.04,-0.74,0.74
7.1,6.84,0.26,0.26
4.4,3.99,0.41,0.41
4.7,4.79,-0.09,0.09
6.3,4.46,1.84,1.84
6.3,7.08,-0.78,0.78
4.1,4.95,-0.85,0.85
9.3,9.32,-0.02,0.02
6.8,6.9,-0.1,0.1
6.9,6.06,0.84,0.84
6.5,6.92,-0.42,0.42
6.3,4.87,1.43,1.43
3.7,5.86,-2.16,2.16
4.9,5.13,-0.23,0.23
5.7,5.62,0.08,0.08
3.2,3.28,-0.08,0.08
6.3,6.19,0.11,0.11
7.8,7.8,0.0,0.0
7.9,7.9,0.0,0.0
7.9,7.93,-0.03,0.03
5.9,6.24,-0.34,0.34
7.2,6.94,0.26,0.26
6.2,5.92,0.28,0.28
5.2,4.17,1.03,1.03
6.7,6.85,-0.15,0.15
3.6,5.37,-1.77,1.77
2.9,3.53,-0.63,0.63
6.3,6.05,0.25,0.25
7.4,7.24,0.16,0.16
7.4,7.26,0.14,0.14
6.9,6.32,0.58,0.58
6.7,6.52,0.18,0.18
6.9,6.99,-0.09,0.09
7.8,7.43,0.37,0.37
4.4,4.45,-0.05,0.05
5.7,4.99,0.71,0.71
6.3,4.96,1.34,1.34
4.9,5.37,-0.47,0.47
5.9,5.8,0.1,0.1
4.7,5.99,-1.29,1.29
6.0,5.63,0.37,0.37
8.7,8.78,-0.08,0.08
6.1,6.52,-0.42,0.42
7.0,7.05,-0.05,0.05
6.6,5.53,1.07,1.07
7.5,7.23,0.27,0.27
4.1,4.97,-0.87,0.87
6.1,5.45,0.65,0.65
6.3,5.79,0.51,0.51
6.2,5.84,0.36,0.36
5.7,6.32,-0.62,0.62
6.7,6.82,-0.12,0.12
5.3,5.66,-0.36,0.36
5.8,5.98,-0.18,0.18
6.6,6.85,-0.25,0.25
4.4,6.18,-1.78,1.78
7.5,6.03,1.47,1.47
5.1,5.45,-0.35,0.35
6.6,6.76,-0.16,0.16
7.2,5.7,1.5,1.5
7.0,6.6,0.4,0.4
4.7,4.37,0.33,0.33
7.5,7.41,0.09,0.09
5.7,5.43,0.27,0.27
6.8,6.46,0.34,0.34
6.7,6.28,0.42,0.42
6.4,6.39,0.01,0.01
4.0,5.86,-1.86,1.86
5.2,6.05,-0.85,0.85
7.5,7.63,-0.13,0.13
4.4,6.09,-1.69,1.69
4.2,4.77,-0.57,0.57
4.8,4.82,-0.02,0.02
6.0,5.77,0.23,0.23
5.1,4.22,0.88,0.88
4.1,4.11,-0.01,0.01
3.4,4.44,-1.04,1.04
6.4,6.29,0.11,0.11
6.8,6.07,0.73,0.73
4.3,4.22,0.08,0.08
6.5,5.96,0.54,0.54
5.4,4.34,1.06,1.06
5.9,5.78,0.12,0.12
6.8,5.56,1.24,1.24
5.0,4.67,0.33,0.33
4.2,4.16,0.04,0.04
4.4,5.44,-1.04,1.04
5.3,5.96,-0.66,0.66
6.2,5.76,0.44,0.44
7.4,7.38,0.02,0.02
5.4,4.27,1.13,1.13
9.0,9.03,-0.03,0.03
5.1,6.27,-1.17,1.17
6.2,5.69,0.51,0.51
4.3,4.34,-0.04,0.04
3.3,3.49,-0.19,0.19
7.6,7.03,0.57,0.57
5.7,6.23,-0.53,0.53
5.3,6.09,-0.79,0.79
2.7,2.97,-0.27,0.27
5.3,5.26,0.04,0.04
3.8,5.03,-1.23,1.23
7.6,7.39,0.21,0.21
6.8,6.38,0.42,0.42
4.6,4.53,0.07,0.07
3.9,3.78,0.12,0.12
6.8,6.78,0.02,0.02
5.8,5.96,-0.16,0.16
5.6,5.17,0.43,0.43
4.3,4.58,-0.28,0.28
5.9,5.85,0.05,0.05
7.3,7.08,0.22,0.22
4.1,5.18,-1.08,1.08
4.0,4.47,-0.47,0.47
4.8,5.31,-0.51,0.51
7.5,7.42,0.08,0.08
5.1,4.88,0.22,0.22
6.4,6.13,0.27,0.27
8.4,8.43,-0.03,0.03
5.8,4.97,0.83,0.83
7.0,6.99,0.01,0.01
6.3,6.38,-0.08,0.08
7.6,7.73,-0.13,0.13
7.8,6.94,0.86,0.86
5.9,5.32,0.58,0.58
5.9,5.91,-0.01,0.01
5.4,5.22,0.18,0.18
6.1,6.42,-0.32,0.32
2.9,4.24,-1.34,1.34
3.5,3.39,0.11,0.11
6.1,5.4,0.7,0.7
7.4,7.52,-0.12,0.12
6.9,4.39,2.51,2.51
6.9,6.93,-0.03,0.03
6.4,5.86,0.54,0.54
8.7,8.79,-0.09,0.09
5.4,5.25,0.15,0.15
7.1,6.84,0.26,0.26
3.8,5.75,-1.95,1.95
8.1,8.14,-0.04,0.04
6.4,6.26,0.14,0.14
6.5,5.26,1.24,1.24
7.2,6.47,0.73,0.73
6.8,6.15,0.65,0.65
6.7,6.78,-0.08,0.08
7.7,7.47,0.23,0.23
5.7,5.63,0.07,0.07
5.6,5.43,0.17,0.17
5.8,6.77,-0.97,0.97
4.9,5.31,-0.41,0.41
7.0,7.23,-0.23,0.23
7.0,6.63,0.37,0.37
6.3,6.27,0.03,0.03
7.9,7.91,-0.01,0.01
5.9,5.95,-0.05,0.05
4.4,3.06,1.34,1.34
5.7,6.39,-0.69,0.69
4.9,5.38,-0.48,0.48
4.2,3.79,0.41,0.41
6.8,6.73,0.07,0.07
5.1,5.01,0.09,0.09
3.8,7.18,-3.38,3.38
8.9,8.7,0.2,0.2
7.4,7.07,0.33,0.33
6.4,6.32,0.08,0.08
4.2,3.77,0.43,0.43
4.5,5.74,-1.24,1.24
5.1,4.99,0.11,0.11
7.6,7.62,-0.02,0.02
4.0,3.79,0.21,0.21
6.1,6.13,-0.03,0.03
7.6,6.4,1.2,1.2
7.6,6.92,0.68,0.68
7.5,7.06,0.44,0.44
4.4,4.15,0.25,0.25
6.4,6.17,0.23,0.23
6.5,6.24,0.26,0.26
4.6,4.08,0.52,0.52
7.1,7.0,0.1,0.1
5.9,5.78,0.12,0.12
7.6,7.48,0.12,0.12
5.1,5.69,-0.59,0.59
6.2,6.72,-0.52,0.52
4.3,4.5,-0.2,0.2
6.7,6.79,-0.09,0.09
6.1,5.88,0.22,0.22
4.8,6.56,-1.76,1.76
4.3,5.16,-0.86,0.86
6.6,6.52,0.08,0.08
4.1,4.51,-0.41,0.41
7.8,6.37,1.43,1.43
3.5,5.2,-1.7,1.7
7.0,6.38,0.62,0.62
6.2,5.56,0.64,0.64
7.4,8.06,-0.66,0.66
4.9,4.9,-0.0,0.0
6.3,6.14,0.16,0.16
7.0,7.05,-0.05,0.05
6.8,6.59,0.21,0.21
5.9,6.18,-0.28,0.28
7.6,7.68,-0.08,0.08
4.0,5.53,-1.53,1.53
5.6,5.48,0.12,0.12
4.2,4.32,-0.12,0.12
6.6,6.61,-0.01,0.01
6.9,5.45,1.45,1.45
6.3,6.28,0.02,0.02
6.5,5.51,0.99,0.99
7.4,7.2,0.2,0.2
6.5,5.41,1.09,1.09
5.3,5.54,-0.24,0.24
5.6,5.77,-0.17,0.17
2.1,2.62,-0.52,0.52
2.8,2.93,-0.13,0.13
6.2,6.51,-0.31,0.31
5.4,6.31,-0.91,0.91
4.3,5.27,-0.97,0.97
4.3,4.74,-0.44,0.44
3.7,3.93,-0.23,0.23
4.8,5.11,-0.31,0.31
4.9,4.78,0.12,0.12
6.2,5.86,0.34,0.34
8.1,7.92,0.18,0.18
6.7,6.67,0.03,0.03
7.4,7.6,-0.2,0.2
6.8,6.86,-0.06,0.06
7.6,5.3,2.3,2.3
6.8,7.36,-0.56,0.56
5.6,5.25,0.35,0.35
5.9,5.0,0.9,0.9
5.8,6.02,-0.22,0.22
4.5,5.14,-0.64,0.64
5.0,5.18,-0.18,0.18
8.6,8.33,0.27,0.27
